INSERT INTO dim_date VALUES
(20240101,'2024-01-01','Monday',1,1,'January','Q1',2024,FALSE),
(20240102,'2024-01-02','Tuesday',2,1,'January','Q1',2024,FALSE),
(20240103,'2024-01-03','Wednesday',3,1,'January','Q1',2024,FALSE),
(20240106,'2024-01-06','Saturday',6,1,'January','Q1',2024,TRUE),
(20240107,'2024-01-07','Sunday',7,1,'January','Q1',2024,TRUE),
(20240110,'2024-01-10','Wednesday',10,1,'January','Q1',2024,FALSE),
(20240115,'2024-01-15','Monday',15,1,'January','Q1',2024,FALSE),
(20240120,'2024-01-20','Saturday',20,1,'January','Q1',2024,TRUE),
(20240125,'2024-01-25','Thursday',25,1,'January','Q1',2024,FALSE),
(20240130,'2024-01-30','Tuesday',30,1,'January','Q1',2024,FALSE),

(20240201,'2024-02-01','Thursday',1,2,'February','Q1',2024,FALSE),
(20240202,'2024-02-02','Friday',2,2,'February','Q1',2024,FALSE),
(20240203,'2024-02-03','Saturday',3,2,'February','Q1',2024,TRUE),
(20240204,'2024-02-04','Sunday',4,2,'February','Q1',2024,TRUE),
(20240205,'2024-02-05','Monday',5,2,'February','Q1',2024,FALSE),
(20240206,'2024-02-06','Tuesday',6,2,'February','Q1',2024,FALSE),
(20240207,'2024-02-07','Wednesday',7,2,'February','Q1',2024,FALSE),
(20240210,'2024-02-10','Saturday',10,2,'February','Q1',2024,TRUE),
(20240214,'2024-02-14','Wednesday',14,2,'February','Q1',2024,FALSE),
(20240220,'2024-02-20','Tuesday',20,2,'February','Q1',2024,FALSE),
(20240225,'2024-02-25','Sunday',25,2,'February','Q1',2024,TRUE),
(20240228,'2024-02-28','Wednesday',28,2,'February','Q1',2024,FALSE);


INSERT INTO dim_product (product_id, product_name, category, subcategory, unit_price) VALUES
('P001','Laptop Pro','Electronics','Computers',50000),
('P002','Smartphone X','Electronics','Mobiles',35000),
('P003','Headphones','Electronics','Accessories',3000),
('P004','Monitor','Electronics','Displays',15000),
('P005','Keyboard','Electronics','Accessories',2500),

('P006','Office Chair','Furniture','Chairs',8000),
('P007','Dining Table','Furniture','Tables',20000),
('P008','Sofa','Furniture','Living',45000),
('P009','Bookshelf','Furniture','Storage',9000),
('P010','Bed','Furniture','Bedroom',40000),

('P011','Running Shoes','Fashion','Footwear',4000),
('P012','Jacket','Fashion','Clothing',6000),
('P013','Watch','Fashion','Accessories',12000),
('P014','T-Shirt','Fashion','Clothing',1200),
('P015','Jeans','Fashion','Clothing',3500);

INSERT INTO dim_customer (customer_id, customer_name, city, state, customer_segment) VALUES
('C001','Rahul Sharma','Mumbai','Maharashtra','Retail'),
('C002','Anita Verma','Delhi','Delhi','Corporate'),
('C003','Rohan Iyer','Bengaluru','Karnataka','Retail'),
('C004','Neha Singh','Pune','Maharashtra','Retail'),
('C005','Amit Patel','Ahmedabad','Gujarat','Corporate'),
('C006','Karan Mehta','Mumbai','Maharashtra','Retail'),
('C007','Sonal Jain','Jaipur','Rajasthan','Retail'),
('C008','Vikram Rao','Hyderabad','Telangana','Corporate'),
('C009','Pooja Nair','Kochi','Kerala','Retail'),
('C010','Arjun Das','Kolkata','West Bengal','Retail'),
('C011','Meera Kapoor','Delhi','Delhi','Corporate'),
('C012','Nikhil Gupta','Noida','UP','Retail');

INSERT INTO fact_sales (date_key, product_key, customer_key, quantity_sold, unit_price, discount_amount, total_amount) VALUES
(20240101,1,1,1,50000,2000,48000),
(20240102,2,2,1,35000,1000,34000),
(20240103,3,3,2,3000,0,6000),
(20240106,4,4,1,15000,500,14500),
(20240107,5,5,3,2500,0,7500),
(20240110,6,6,1,8000,500,7500),
(20240115,7,7,1,20000,1500,18500),
(20240120,8,8,1,45000,2500,42500),
(20240125,9,9,2,9000,1000,17000),
(20240130,10,10,1,40000,3000,37000),

(20240201,11,11,2,4000,0,8000),
(20240202,12,12,1,6000,500,5500),
(20240203,13,1,1,12000,1000,11000),
(20240204,14,2,3,1200,0,3600),
(20240205,15,3,2,3500,500,6500),
(20240206,1,4,1,50000,2500,47500),
(20240207,2,5,1,35000,1500,33500),
(20240210,3,6,4,3000,0,12000),
(20240214,4,7,1,15000,1000,14000),
(20240220,5,8,3,2500,0,7500),
(20240225,6,9,1,8000,500,7500),
(20240228,7,10,2,20000,2000,38000),
(20240203,8,11,1,45000,3000,42000),
(20240204,9,12,1,9000,500,8500),
(20240205,10,1,1,40000,2500,37500),
(20240206,11,2,2,4000,0,8000),
(20240207,12,3,1,6000,500,5500),
(20240210,13,4,1,12000,1000,11000),
(20240214,14,5,4,1200,0,4800),
(20240220,15,6,2,3500,500,6500),
(20240106,1,7,1,50000,3000,47000),
(20240107,2,8,1,35000,2000,33000),
(20240110,3,9,3,3000,0,9000),
(20240115,4,10,1,15000,1000,14000),
(20240120,5,11,2,2500,0,5000),
(20240125,6,12,1,8000,500,7500),
(20240130,7,1,1,20000,1500,18500),
(20240201,8,2,1,45000,3000,42000),
(20240210,9,3,2,9000,1000,17000),
(20240214,10,4,1,40000,2500,37500);
